{
  "log_steps": [
    0,
    30,
    60,
    90
  ],
  "train_accuracies": [
    0.00835509138381201,
    0.01174934725848564,
    0.014099216710182768,
    0.014099216710182768
  ],
  "test_accuracies": [
    0.009061416265801543,
    0.008613938919342208,
    0.006264682850430697,
    0.006376552187045531
  ],
  "weight_norms": [
    20.649175816771116,
    19.99179067971407,
    19.495711631817546,
    19.153048545139608
  ],
  "model_sizes": [
    {
      "d_model": 8,
      "d_mlp": 128,
      "n_head": 2
    },
    {
      "d_model": 128,
      "d_mlp": 512,
      "n_head": 4
    }
  ],
  "exp_freq": -1,
  "total_steps": 100
}